{
  "model": "llava",
  "variant": "baseline",
  "model_label": "LLaVA-1.5-7B Uncompressed",
  "num_samples": 7,
  "num_layers": 32,
  "per_layer": {
    "mlp": [
      0.030133928571428575,
      0.029203869047619048,
      0.0234375,
      0.009858630952380952,
      0.01785714285714286,
      0.00018601190476190367,
      0.004278273809523809,
      0.028087797619047616,
      0.027715773809523808,
      0.027157738095238092,
      0.0033482142857142855,
      -0.005766369047619049,
      -0.006324404761904762,
      0.012276785714285712,
      0.005766369047619047,
      0.010788690476190476,
      0.011904761904761904,
      0.005394345238095238,
      0.004464285714285714,
      0.005952380952380952,
      0.01171875,
      0.00669642857142857,
      0.01023065476190476,
      0.00669642857142857,
      0.01023065476190476,
      0.01023065476190476,
      0.005766369047619046,
      0.008370535714285714,
      0.0078125,
      0.005580357142857142,
      0.0016741071428571428,
      0.0
    ],
    "self_attention": [
      0.01785714285714286,
      -0.00390625,
      0.009114583333333334,
      0.012090773809523808,
      0.012834821428571428,
      0.016741071428571428,
      0.005022321428571428,
      -0.005394345238095238,
      0.014322916666666668,
      -0.0031622023809523806,
      -0.0011160714285714285,
      0.01450892857142857,
      0.013578869047619046,
      0.025297619047619048,
      0.01729910714285714,
      0.006510416666666666,
      0.019345238095238096,
      0.009486607142857142,
      0.013764880952380952,
      0.02157738095238095,
      0.013578869047619048,
      0.01023065476190476,
      0.007254464285714286,
      0.002790178571428571,
      0.008928571428571428,
      0.004464285714285714,
      0.006138392857142856,
      0.004092261904761904,
      0.006138392857142856,
      0.006882440476190476,
      0.001488095238095238,
      0.0
    ],
    "cross_attention": []
  },
  "per_component": {
    "mlp": 0.33072916666666663,
    "self_attention": 0.28776041666666663,
    "cross_attention": 0.0
  },
  "token_labels": [
    "[CLS]",
    "correct_object",
    "or",
    "incorrect_object",
    "?"
  ]
}