{
  "model": "llava",
  "variant": "baseline",
  "model_label": "LLaVA-1.5-7B Uncompressed",
  "num_samples": 6,
  "num_layers": 32,
  "per_layer": {
    "mlp": [
      -0.01877170138888889,
      -0.0283203125,
      -0.008355034722222222,
      0.018446180555555556,
      -0.01714409722222222,
      -0.007921006944444444,
      -0.030056423611111112,
      0.0015190972222222225,
      -0.003689236111111112,
      -0.013020833333333332,
      -0.0034722222222222225,
      -0.0029296875,
      -0.024739583333333336,
      -0.013454861111111112,
      1.734723475976807e-18,
      -0.01681857638888889,
      -0.005533854166666667,
      -0.007812500000000002,
      -0.0014105902777777778,
      -0.00857204861111111,
      -0.004557291666666666,
      -0.0013020833333333335,
      -0.012478298611111112,
      0.005316840277777777,
      -0.002604166666666666,
      -0.0023871527777777775,
      -0.007921006944444444,
      -0.006944444444444444,
      0.005750868055555555,
      -0.009006076388888888,
      -0.007703993055555556,
      -0.006510416666666666
    ],
    "self_attention": [
      -0.016384548611111112,
      -0.010416666666666668,
      0.00010850694444444406,
      -0.007595486111111112,
      -0.009440104166666666,
      -0.017578125,
      -0.015625,
      -0.016818576388888888,
      -0.004557291666666667,
      -0.007378472222222223,
      0.007269965277777778,
      -0.0022786458333333317,
      0.0017361111111111101,
      -0.0185546875,
      0.0023871527777777775,
      0.008680555555555556,
      -0.011827256944444444,
      0.00010850694444444493,
      -0.007595486111111111,
      -0.010850694444444444,
      -0.006510416666666667,
      -0.010633680555555554,
      0.0017361111111111127,
      -0.010633680555555556,
      -0.0008680555555555553,
      -0.008897569444444444,
      -0.005642361111111112,
      -0.007161458333333332,
      -0.007595486111111111,
      -0.020073784722222224,
      -0.007269965277777778,
      -0.006510416666666666
    ],
    "cross_attention": []
  },
  "per_component": {
    "mlp": -0.2424045138888889,
    "self_attention": -0.22667100694444445,
    "cross_attention": 0.0
  },
  "token_labels": [
    "[CLS]",
    "correct_object",
    "or",
    "incorrect_object",
    "?"
  ]
}