{
  "model": "llava",
  "variant": "baseline",
  "model_label": "LLaVA-1.5-7B Uncompressed",
  "num_samples": 50,
  "num_layers": 32,
  "per_layer": {
    "mlp": [
      -0.002669270833333333,
      -0.003919270833333333,
      -0.0035416666666666665,
      -0.0014062500000000004,
      -0.016510416666666666,
      -0.010377604166666665,
      -0.014934895833333333,
      -0.004583333333333334,
      -0.015182291666666669,
      -0.005130208333333334,
      -0.016640625,
      -0.009973958333333335,
      -0.014934895833333333,
      -0.007955729166666667,
      -0.009466145833333333,
      -0.014335937500000001,
      -0.011432291666666667,
      -0.015638020833333332,
      -0.013385416666666667,
      -0.015078124999999998,
      -0.010820312500000002,
      -0.0132421875,
      -0.011315104166666668,
      -0.009895833333333333,
      -0.010429687500000001,
      -0.013489583333333333,
      -0.014531249999999999,
      -0.0135546875,
      -0.014648437500000002,
      -0.015598958333333333,
      -0.013997395833333334,
      -0.01484375
    ],
    "self_attention": [
      0.003307291666666667,
      0.0009505208333333332,
      -0.012135416666666668,
      -0.014114583333333333,
      -0.00890625,
      -0.0071484375,
      -0.007278645833333333,
      -0.015924479166666665,
      -0.006158854166666666,
      -0.014843750000000001,
      -0.011067708333333332,
      0.00011718749999999967,
      -0.0030859375,
      -0.016744791666666668,
      -0.004921875000000001,
      -0.006679687500000001,
      -0.011588541666666665,
      -0.009778645833333334,
      -0.012526041666666666,
      -0.010989583333333334,
      -0.009856770833333334,
      -0.013697916666666667,
      -0.009479166666666667,
      -0.014700520833333335,
      -0.011015625000000001,
      -0.013294270833333333,
      -0.013606770833333335,
      -0.016028645833333334,
      -0.015976562500000003,
      -0.01705729166666667,
      -0.013658854166666666,
      -0.01484375
    ],
    "cross_attention": []
  },
  "per_component": {
    "mlp": -0.36346354166666667,
    "self_attention": -0.332734375,
    "cross_attention": 0.0
  },
  "token_labels": [
    "[CLS]",
    "correct_object",
    "or",
    "incorrect_object",
    "?"
  ]
}