{
  "model": "llava",
  "variant": "baseline",
  "model_label": "LLaVA-1.5-7B Uncompressed",
  "num_samples": 6,
  "num_layers": 32,
  "per_layer": {
    "mlp": [
      -0.01953125,
      -0.03515625,
      -0.016059027777777776,
      -0.025173611111111112,
      -0.023003472222222224,
      -0.01801215277777778,
      -0.01150173611111111,
      -0.022135416666666664,
      -0.05338541666666667,
      0.027994791666666664,
      -0.030381944444444448,
      -0.02039930555555556,
      -0.04079861111111111,
      -0.0030381944444444467,
      -0.017361111111111112,
      -0.013671875000000002,
      -0.020182291666666664,
      -0.026475694444444444,
      -0.020182291666666664,
      -0.025390625,
      -0.022569444444444444,
      -0.029296875,
      -0.028862847222222224,
      -0.026258680555555552,
      -0.029079861111111112,
      -0.031684027777777776,
      -0.03298611111111111,
      -0.03493923611111111,
      -0.031901041666666664,
      -0.030381944444444444,
      -0.02690972222222222,
      -0.032552083333333336
    ],
    "self_attention": [
      -0.0234375,
      -0.007595486111111112,
      -0.032769097222222224,
      -0.021918402777777776,
      -0.015842013888888888,
      -0.021050347222222224,
      -0.010850694444444444,
      -0.014756944444444444,
      -0.05989583333333333,
      -0.07921006944444443,
      -0.02973090277777778,
      0.05186631944444444,
      -0.014756944444444444,
      -0.036675347222222224,
      -0.00802951388888889,
      -0.0034722222222222225,
      -0.02387152777777778,
      -0.025607638888888888,
      -0.024739583333333332,
      -0.025390624999999997,
      -0.028645833333333332,
      -0.024522569444444444,
      -0.022352430555555552,
      -0.030381944444444444,
      -0.03016493055555556,
      -0.029296875,
      -0.031901041666666664,
      -0.029513888888888888,
      -0.030164930555555556,
      -0.03515625,
      -0.026475694444444444,
      -0.032552083333333336
    ],
    "cross_attention": []
  },
  "per_component": {
    "mlp": -0.771267361111111,
    "self_attention": -0.7788628472222222,
    "cross_attention": 0.0
  },
  "token_labels": [
    "[CLS]",
    "correct_object",
    "or",
    "incorrect_object",
    "?"
  ]
}