{
  "model": "llava",
  "variant": "baseline",
  "model_label": "LLaVA-1.5-7B Uncompressed",
  "num_samples": 6,
  "num_layers": 32,
  "per_layer": {
    "mlp": [
      -0.005425347222222221,
      -0.0030381944444444445,
      -0.002821180555555555,
      -0.011393229166666666,
      -0.017795138888888885,
      -0.01095920138888889,
      -0.029730902777777776,
      0.004991319444444444,
      -0.022243923611111112,
      -0.005316840277777777,
      -0.016710069444444444,
      -0.007161458333333332,
      -0.007595486111111111,
      -0.020399305555555552,
      -0.001085069444444444,
      -0.008572048611111112,
      -0.027126736111111112,
      -0.03157552083333333,
      -0.024522569444444448,
      -0.026475694444444444,
      -0.018880208333333332,
      -0.01801215277777778,
      -0.004774305555555554,
      -0.020290798611111112,
      -0.016493055555555556,
      -0.029622395833333336,
      -0.024956597222222224,
      -0.024088541666666664,
      -0.03125,
      -0.021592881944444444,
      -0.022786458333333332,
      -0.026041666666666664
    ],
    "self_attention": [
      0.004340277777777778,
      -0.011827256944444446,
      -0.010199652777777778,
      -0.034613715277777776,
      0.0087890625,
      -0.013563368055555554,
      -0.01312934027777778,
      -0.02604166666666667,
      -0.001519097222222222,
      0.004340277777777778,
      -0.018229166666666668,
      -0.008355034722222224,
      0.005859375000000001,
      -0.027777777777777776,
      0.00021701388888888899,
      -0.025824652777777783,
      -0.02170138888888889,
      -0.014539930555555558,
      -0.022677951388888885,
      -0.020290798611111112,
      -0.007486979166666666,
      -0.02886284722222222,
      -0.021158854166666664,
      -0.028428819444444444,
      -0.024088541666666668,
      -0.021484375,
      -0.020941840277777776,
      -0.032769097222222224,
      -0.031575520833333336,
      -0.022135416666666664,
      -0.022786458333333332,
      -0.026041666666666664
    ],
    "cross_attention": []
  },
  "per_component": {
    "mlp": -0.5337456597222222,
    "self_attention": -0.5345052083333333,
    "cross_attention": 0.0
  },
  "token_labels": [
    "[CLS]",
    "correct_object",
    "or",
    "incorrect_object",
    "?"
  ]
}