{
  "model": "llava",
  "variant": "awq",
  "model_label": "LLaVA-1.5-7B AWQ",
  "num_samples": 50,
  "num_layers": 32,
  "per_layer": {
    "mlp": [
      -0.0004427083333333336,
      -0.004388020833333334,
      -0.0029166666666666664,
      0.0004036458333333331,
      -0.014127604166666665,
      -0.008815104166666667,
      -0.0077864583333333345,
      0.0022005208333333334,
      -0.007864583333333335,
      -0.0029817708333333354,
      -0.016875,
      -0.004088541666666667,
      -0.0033072916666666663,
      -0.0044140625000000005,
      -0.002890625000000001,
      -0.008463541666666664,
      -0.0062499999999999995,
      -0.007955729166666667,
      -0.005651041666666666,
      -0.0074348958333333316,
      -0.0048828125,
      -0.007369791666666667,
      -0.007382812499999999,
      -0.004427083333333333,
      -0.0076692708333333335,
      -0.0071874999999999994,
      -0.0089453125,
      -0.00953125,
      -0.007942708333333333,
      -0.009440104166666668,
      -0.0082421875,
      -0.00859375
    ],
    "self_attention": [
      0.004296874999999999,
      -0.008684895833333333,
      -0.008046875,
      -0.007552083333333334,
      -0.009596354166666666,
      -0.0026041666666666657,
      -0.0038671875,
      -0.0146875,
      0.0007161458333333346,
      -0.015182291666666669,
      -0.0105859375,
      0.0041276041666666674,
      0.002200520833333334,
      -0.011471354166666666,
      0.0003776041666666667,
      -0.004101562499999999,
      -0.006549479166666667,
      -0.0053515625,
      -0.008919270833333333,
      -0.0031901041666666666,
      -0.0046875,
      -0.010403645833333332,
      -0.0060546875,
      -0.010364583333333335,
      -0.007838541666666667,
      -0.009856770833333334,
      -0.008255208333333333,
      -0.008111979166666667,
      -0.008307291666666668,
      -0.010143229166666667,
      -0.007981770833333334,
      -0.00859375
    ],
    "cross_attention": []
  },
  "per_component": {
    "mlp": -0.20566406249999997,
    "self_attention": -0.20927083333333335,
    "cross_attention": 0.0
  },
  "token_labels": [
    "[CLS]",
    "correct_object",
    "or",
    "incorrect_object",
    "?"
  ]
}