{
  "model": "llava",
  "variant": "awq",
  "model_label": "LLaVA-1.5-7B AWQ",
  "num_samples": 6,
  "num_layers": 32,
  "per_layer": {
    "mlp": [
      0.011284722222222217,
      -0.004774305555555556,
      -0.014756944444444444,
      0.000868055555555557,
      -0.0006510416666666678,
      -0.0023871527777777767,
      0.009765625,
      0.01779513888888889,
      0.024739583333333332,
      0.018229166666666664,
      -0.022569444444444448,
      -0.01410590277777778,
      0.0,
      -0.0017361111111111108,
      -0.005642361111111112,
      -0.011284722222222222,
      -0.005425347222222222,
      0.0028211805555555555,
      -0.001953125,
      -0.001519097222222222,
      -0.0026041666666666665,
      -2.168404344971009e-19,
      -0.0023871527777777775,
      -0.00390625,
      -0.006510416666666666,
      -0.005859374999999999,
      -0.007595486111111111,
      -0.009114583333333332,
      -0.0021701388888888886,
      -0.011067708333333332,
      -0.005859375,
      -0.013020833333333332
    ],
    "self_attention": [
      0.083984375,
      -0.002821180555555555,
      -0.023220486111111112,
      0.01171875,
      -0.0032552083333333335,
      -0.006293402777777778,
      -0.010633680555555554,
      0.013888888888888888,
      0.04709201388888888,
      0.010416666666666668,
      -0.009982638888888888,
      -0.015407986111111112,
      0.005425347222222224,
      0.002170138888888889,
      0.010633680555555556,
      0.001953125,
      -0.003689236111111111,
      -0.0019531249999999998,
      -0.005425347222222222,
      0.0013020833333333333,
      -0.00021701388888888877,
      -0.008897569444444444,
      -0.005859374999999999,
      -0.006727430555555556,
      -0.008463541666666666,
      -0.0026041666666666665,
      -0.005859374999999999,
      -0.008463541666666666,
      -0.008897569444444444,
      -0.013020833333333334,
      -0.006510416666666666,
      -0.013020833333333332
    ],
    "cross_attention": []
  },
  "per_component": {
    "mlp": -0.07139756944444442,
    "self_attention": 0.01736111111111112,
    "cross_attention": 0.0
  },
  "token_labels": [
    "[CLS]",
    "correct_object",
    "or",
    "incorrect_object",
    "?"
  ]
}