{
  "model": "llava",
  "variant": "awq",
  "model_label": "LLaVA-1.5-7B AWQ",
  "num_samples": 6,
  "num_layers": 32,
  "per_layer": {
    "mlp": [
      -0.002387152777777777,
      -0.015516493055555556,
      -0.006618923611111112,
      -0.020073784722222224,
      -0.015190972222222224,
      -0.029188368055555556,
      -0.03287760416666667,
      -0.007378472222222222,
      -0.03548177083333333,
      -0.021918402777777776,
      -0.029513888888888885,
      -0.01345486111111111,
      -0.024848090277777776,
      -0.03754340277777778,
      -0.015842013888888888,
      -0.027777777777777776,
      -0.024848090277777776,
      -0.038628472222222224,
      -0.034722222222222224,
      -0.031792534722222224,
      -0.018988715277777776,
      -0.028645833333333332,
      -0.018120659722222224,
      -0.011067708333333334,
      -0.021809895833333336,
      -0.026258680555555556,
      -0.03081597222222222,
      -0.03038194444444444,
      -0.038411458333333336,
      -0.026150173611111112,
      -0.027669270833333332,
      -0.01953125
    ],
    "self_attention": [
      0.003146701388888888,
      -0.017469618055555556,
      -0.016927083333333336,
      -0.011935763888888888,
      -0.001302083333333334,
      -0.009223090277777776,
      -0.018554687499999997,
      -0.031032986111111112,
      -0.010091145833333334,
      -0.009657118055555558,
      -0.024739583333333332,
      -0.005533854166666666,
      0.00010850694444444406,
      -0.0615234375,
      -0.024739583333333332,
      -0.0361328125,
      -0.0224609375,
      -0.01996527777777778,
      -0.027126736111111112,
      -0.023437499999999997,
      -0.018446180555555556,
      -0.03917100694444445,
      -0.03428819444444445,
      -0.03407118055555555,
      -0.03689236111111111,
      -0.024848090277777776,
      -0.024522569444444444,
      -0.034830729166666664,
      -0.0302734375,
      -0.02734375,
      -0.0185546875,
      -0.01953125
    ],
    "cross_attention": []
  },
  "per_component": {
    "mlp": -0.763454861111111,
    "self_attention": -0.7113715277777779,
    "cross_attention": 0.0
  },
  "token_labels": [
    "[CLS]",
    "correct_object",
    "or",
    "incorrect_object",
    "?"
  ]
}