{
  "model": "llava",
  "variant": "baseline",
  "model_label": "LLaVA-1.5-7B Uncompressed",
  "num_samples": 7,
  "num_layers": 32,
  "per_layer": {
    "mlp": [
      0.0013020833333333322,
      0.0007440476190476177,
      0.0031622023809523814,
      0.004650297619047618,
      -0.021019345238095236,
      -0.004836309523809522,
      0.000372023809523808,
      -0.004464285714285714,
      -0.021391369047619048,
      -0.01599702380952381,
      -0.002046130952380952,
      0.0005580357142857149,
      -0.0022321428571428575,
      0.0016741071428571428,
      -0.009672619047619048,
      -0.01488095238095238,
      0.0011160714285714285,
      0.0009300595238095235,
      -0.008184523809523808,
      -0.005394345238095238,
      0.001302083333333333,
      -0.002418154761904762,
      0.00353422619047619,
      -0.0007440476190476192,
      0.0003720238095238097,
      -0.0011160714285714285,
      -0.0020461309523809525,
      0.0005580357142857145,
      -0.0033482142857142855,
      -0.003720238095238095,
      -0.00353422619047619,
      -0.005580357142857142
    ],
    "self_attention": [
      0.005394345238095236,
      0.013950892857142856,
      -0.020089285714285712,
      -0.0018601190476190488,
      -0.012834821428571428,
      0.0009300595238095235,
      0.0022321428571428575,
      -0.006882440476190477,
      0.0037202380952380946,
      -0.001302083333333333,
      0.00669642857142857,
      0.008742559523809522,
      0.022135416666666664,
      -0.0035342261904761905,
      -0.0011160714285714294,
      -0.0018601190476190475,
      -0.0005580357142857143,
      -0.0029761904761904756,
      0.002790178571428572,
      0.0016741071428571425,
      0.002790178571428571,
      0.00018601190476190453,
      0.004278273809523809,
      -0.002232142857142857,
      0.004836309523809524,
      0.002046130952380952,
      -0.0020461309523809525,
      -0.0024181547619047616,
      -0.004092261904761904,
      -0.0039062499999999996,
      -0.0031622023809523806,
      -0.005580357142857142
    ],
    "cross_attention": []
  },
  "per_component": {
    "mlp": -0.11235119047619048,
    "self_attention": 0.0059523809523809555,
    "cross_attention": 0.0
  },
  "token_labels": [
    "[CLS]",
    "correct_object",
    "or",
    "incorrect_object",
    "?"
  ]
}