{
  "model": "llava",
  "variant": "awq",
  "model_label": "LLaVA-1.5-7B AWQ",
  "num_samples": 6,
  "num_layers": 32,
  "per_layer": {
    "mlp": [
      -0.044487847222222224,
      -0.022894965277777776,
      -0.028428819444444444,
      -0.024414062500000003,
      -0.035481770833333336,
      -0.05349392361111111,
      -0.03602430555555555,
      -0.05164930555555556,
      -0.04513888888888889,
      -0.03515625,
      -0.04578993055555556,
      -0.03602430555555555,
      -0.017578125,
      -0.04665798611111111,
      -0.04210069444444445,
      -0.046440972222222224,
      -0.040473090277777776,
      -0.05457899305555556,
      -0.044379340277777776,
      -0.044379340277777776,
      -0.04763454861111111,
      -0.055121527777777776,
      -0.05284288194444445,
      -0.05013020833333333,
      -0.04492187499999999,
      -0.051432291666666664,
      -0.053493923611111105,
      -0.051432291666666664,
      -0.048394097222222224,
      -0.04915364583333333,
      -0.04861111111111111,
      -0.04557291666666667
    ],
    "self_attention": [
      -0.056640625,
      -0.018012152777777776,
      -0.012478298611111112,
      -0.04806857638888889,
      -0.05143229166666666,
      -0.04188368055555555,
      -0.03504774305555555,
      -0.042426215277777776,
      -0.04123263888888889,
      -0.04351128472222222,
      -0.036458333333333336,
      -0.03515625,
      -0.026584201388888888,
      -0.048177083333333336,
      -0.04340277777777778,
      -0.047417534722222224,
      -0.05230034722222222,
      -0.046440972222222224,
      -0.05425347222222222,
      -0.051323784722222224,
      -0.050347222222222224,
      -0.049262152777777776,
      -0.051215277777777776,
      -0.04709201388888889,
      -0.04817708333333333,
      -0.05447048611111111,
      -0.04774305555555555,
      -0.04774305555555556,
      -0.04698350694444444,
      -0.04904513888888889,
      -0.04730902777777778,
      -0.04557291666666667
    ],
    "cross_attention": []
  },
  "per_component": {
    "mlp": -1.3943142361111112,
    "self_attention": -1.4172092013888888,
    "cross_attention": 0.0
  },
  "token_labels": [
    "[CLS]",
    "correct_object",
    "or",
    "incorrect_object",
    "?"
  ]
}