{
  "model": "llava",
  "variant": "baseline",
  "model_label": "LLaVA-1.5-7B Uncompressed",
  "num_samples": 6,
  "num_layers": 32,
  "per_layer": {
    "mlp": [
      -0.021484375,
      -0.002604166666666666,
      -0.025499131944444444,
      -0.014431423611111108,
      -0.023654513888888888,
      -0.031141493055555556,
      -0.019965277777777776,
      -0.03689236111111111,
      -0.04568142361111111,
      -0.018337673611111112,
      -0.020616319444444444,
      -0.02593315972222222,
      -0.0126953125,
      -0.027669270833333336,
      -0.02289496527777778,
      -0.03005642361111111,
      -0.022677951388888888,
      -0.032769097222222224,
      -0.02875434027777778,
      -0.03135850694444445,
      -0.029405381944444448,
      -0.032877604166666664,
      -0.025173611111111115,
      -0.026041666666666664,
      -0.028971354166666668,
      -0.021809895833333332,
      -0.0302734375,
      -0.02810329861111111,
      -0.031249999999999997,
      -0.03125,
      -0.029296875,
      -0.026041666666666664
    ],
    "self_attention": [
      -0.0302734375,
      0.003472222222222222,
      -0.015516493055555554,
      -0.033528645833333336,
      -0.03211805555555555,
      -0.025173611111111112,
      -0.020182291666666668,
      -0.02582465277777778,
      -0.040473090277777776,
      -0.028862847222222224,
      -0.027018229166666668,
      -0.04112413194444445,
      -0.0205078125,
      -0.03526475694444444,
      -0.028645833333333336,
      -0.025065104166666664,
      -0.02680121527777778,
      -0.029079861111111112,
      -0.03396267361111111,
      -0.032660590277777776,
      -0.029079861111111112,
      -0.02864583333333333,
      -0.034613715277777776,
      -0.02875434027777778,
      -0.027994791666666664,
      -0.0302734375,
      -0.02560763888888889,
      -0.0341796875,
      -0.034505208333333336,
      -0.029622395833333332,
      -0.030598958333333332,
      -0.026041666666666664
    ],
    "cross_attention": []
  },
  "per_component": {
    "mlp": -0.8356119791666667,
    "self_attention": -0.9085286458333335,
    "cross_attention": 0.0
  },
  "token_labels": [
    "[CLS]",
    "correct_object",
    "or",
    "incorrect_object",
    "?"
  ]
}