{
  "model": "llava",
  "variant": "awq",
  "model_label": "LLaVA-1.5-7B AWQ",
  "num_samples": 7,
  "num_layers": 32,
  "per_layer": {
    "mlp": [
      -0.013764880952380952,
      -0.005766369047619049,
      -0.011346726190476188,
      -0.012276785714285714,
      -0.04296875,
      -0.030319940476190473,
      -0.01953125,
      -0.022879464285714284,
      -0.038876488095238096,
      -0.02808779761904762,
      -0.018601190476190476,
      -0.008370535714285714,
      -0.013578869047619048,
      -0.013206845238095236,
      -0.016183035714285712,
      -0.01804315476190476,
      -0.020461309523809524,
      -0.020089285714285716,
      -0.020089285714285712,
      -0.022135416666666664,
      -0.01860119047619048,
      -0.023623511904761908,
      -0.021763392857142856,
      -0.020647321428571425,
      -0.023251488095238096,
      -0.025297619047619048,
      -0.021019345238095236,
      -0.0234375,
      -0.022507440476190476,
      -0.0234375,
      -0.0197172619047619,
      -0.016741071428571428
    ],
    "self_attention": [
      -0.014694940476190476,
      -0.02269345238095238,
      -0.03273809523809523,
      -0.02492559523809524,
      -0.025111607142857144,
      -0.017485119047619048,
      -0.004092261904761904,
      -0.022135416666666668,
      -0.009114583333333332,
      -0.021391369047619048,
      -0.012648809523809524,
      0.0037202380952380946,
      0.017299107142857144,
      -0.017485119047619044,
      -0.018601190476190473,
      -0.01674107142857143,
      -0.01692708333333333,
      -0.021763392857142856,
      -0.018229166666666664,
      -0.019531250000000003,
      -0.017671130952380952,
      -0.01953125,
      -0.016927083333333332,
      -0.023995535714285712,
      -0.021205357142857137,
      -0.0234375,
      -0.022507440476190476,
      -0.021205357142857144,
      -0.025297619047619048,
      -0.020275297619047616,
      -0.02046130952380952,
      -0.016741071428571428
    ],
    "cross_attention": []
  },
  "per_component": {
    "mlp": -0.6566220238095238,
    "self_attention": -0.5645461309523809,
    "cross_attention": 0.0
  },
  "token_labels": [
    "[CLS]",
    "correct_object",
    "or",
    "incorrect_object",
    "?"
  ]
}