{
  "model": "llava",
  "variant": "awq",
  "model_label": "LLaVA-1.5-7B AWQ",
  "num_samples": 7,
  "num_layers": 32,
  "per_layer": {
    "mlp": [
      0.015625,
      0.0005580357142857149,
      0.012834821428571428,
      0.005394345238095238,
      -0.004092261904761905,
      -0.006138392857142856,
      0.004836309523809524,
      0.020647321428571425,
      0.016183035714285712,
      0.005580357142857144,
      -0.002046130952380953,
      -0.017485119047619048,
      -0.013206845238095236,
      0.007254464285714286,
      -0.002046130952380952,
      0.002232142857142857,
      0.0035342261904761896,
      0.0037202380952380946,
      0.010044642857142856,
      0.0026041666666666665,
      0.007998511904761904,
      0.008370535714285714,
      0.007812499999999998,
      0.007812499999999998,
      0.0011160714285714285,
      0.003348214285714286,
      0.0039062499999999996,
      0.008370535714285712,
      0.009486607142857142,
      -0.0011160714285714285,
      0.00390625,
      0.0
    ],
    "self_attention": [
      -0.004650297619047618,
      -0.022507440476190473,
      -0.006882440476190477,
      -0.00706845238095238,
      -0.0011160714285714285,
      -0.0018601190476190475,
      -0.006696428571428571,
      -0.019903273809523808,
      0.00465029761904762,
      -0.004464285714285714,
      -0.011160714285714284,
      -0.015811011904761904,
      0.007068452380952384,
      0.020833333333333332,
      0.014322916666666666,
      0.002790178571428571,
      0.00818452380952381,
      0.004836309523809524,
      0.006696428571428571,
      0.018973214285714284,
      0.012834821428571428,
      0.007254464285714286,
      0.007626488095238096,
      0.0033482142857142855,
      0.013392857142857144,
      0.00037202380952380994,
      -0.0016741071428571428,
      0.007254464285714286,
      0.00669642857142857,
      0.00390625,
      0.0016741071428571428,
      0.0
    ],
    "cross_attention": []
  },
  "per_component": {
    "mlp": 0.12704613095238096,
    "self_attention": 0.048921130952380945,
    "cross_attention": 0.0
  },
  "token_labels": [
    "[CLS]",
    "correct_object",
    "or",
    "incorrect_object",
    "?"
  ]
}