{
  "model": "llava",
  "variant": "awq",
  "model_label": "LLaVA-1.5-7B AWQ",
  "num_samples": 6,
  "num_layers": 32,
  "per_layer": {
    "mlp": [
      0.00759548611111111,
      0.002061631944444445,
      0.0107421875,
      0.03200954861111111,
      0.008463541666666666,
      0.028754340277777776,
      0.009440104166666666,
      0.035698784722222224,
      0.02007378472222222,
      0.025065104166666668,
      0.025607638888888888,
      0.028428819444444444,
      0.006835937500000002,
      0.0166015625,
      0.035807291666666664,
      0.015190972222222224,
      0.014973958333333332,
      0.0234375,
      0.024848090277777776,
      0.01703559027777778,
      0.02007378472222222,
      0.017578125,
      0.002495659722222222,
      0.018880208333333336,
      0.014322916666666666,
      0.025173611111111112,
      0.01909722222222222,
      0.01540798611111111,
      0.023003472222222224,
      0.019422743055555552,
      0.016276041666666664,
      0.006510416666666666
    ],
    "self_attention": [
      0.002929687500000001,
      -0.00412326388888889,
      0.021809895833333332,
      0.013346354166666666,
      0.013346354166666666,
      0.021809895833333332,
      0.013997395833333336,
      0.0029296875,
      0.01714409722222222,
      0.016059027777777776,
      0.013346354166666666,
      0.026692708333333336,
      0.029188368055555556,
      0.018012152777777776,
      0.028971354166666664,
      0.022677951388888888,
      0.016493055555555552,
      0.027452256944444444,
      0.01052517361111111,
      0.013454861111111114,
      0.012586805555555556,
      0.005208333333333334,
      0.030707465277777776,
      0.00759548611111111,
      0.021918402777777776,
      0.012369791666666666,
      0.01909722222222222,
      0.019531250000000003,
      0.017361111111111112,
      0.010525173611111112,
      0.009765625,
      0.006510416666666666
    ],
    "cross_attention": []
  },
  "per_component": {
    "mlp": 0.5869140625,
    "self_attention": 0.4992404513888889,
    "cross_attention": 0.0
  },
  "token_labels": [
    "[CLS]",
    "correct_object",
    "or",
    "incorrect_object",
    "?"
  ]
}