{
  "model": "llava",
  "variant": "awq",
  "model_label": "LLaVA-1.5-7B AWQ",
  "num_samples": 6,
  "num_layers": 32,
  "per_layer": {
    "mlp": [
      0.030164930555555552,
      0.03428819444444444,
      0.024739583333333332,
      0.02756076388888889,
      -0.005425347222222219,
      0.04079861111111111,
      -0.001519097222222222,
      0.037543402777777776,
      0.032769097222222224,
      -0.03602430555555556,
      -0.023654513888888895,
      0.04101562500000001,
      0.05056423611111111,
      0.031684027777777776,
      0.026041666666666668,
      0.022569444444444444,
      0.029513888888888888,
      0.030164930555555556,
      0.03407118055555555,
      0.03233506944444445,
      0.032552083333333336,
      0.037326388888888895,
      0.03624131944444444,
      0.03971354166666667,
      0.03428819444444445,
      0.031684027777777776,
      0.03407118055555556,
      0.031032986111111112,
      0.030381944444444444,
      0.02886284722222222,
      0.028645833333333336,
      0.032552083333333336
    ],
    "self_attention": [
      0.041232638888888895,
      0.043402777777777776,
      0.017795138888888888,
      0.018446180555555556,
      0.017578125,
      0.04774305555555556,
      0.03233506944444445,
      -0.01909722222222222,
      0.05729166666666667,
      -0.004774305555555554,
      0.015407986111111112,
      0.026041666666666668,
      -0.01171875,
      0.024522569444444444,
      0.038194444444444454,
      0.033203125,
      0.030815972222222224,
      0.030598958333333336,
      0.03342013888888889,
      0.04210069444444445,
      0.034505208333333336,
      0.03602430555555555,
      0.035590277777777776,
      0.03211805555555556,
      0.03125,
      0.028428819444444444,
      0.03125,
      0.035590277777777776,
      0.033637152777777776,
      0.029296875,
      0.03103298611111111,
      0.032552083333333336
    ],
    "cross_attention": []
  },
  "per_component": {
    "mlp": 0.8565538194444444,
    "self_attention": 0.9058159722222222,
    "cross_attention": 0.0
  },
  "token_labels": [
    "[CLS]",
    "correct_object",
    "or",
    "incorrect_object",
    "?"
  ]
}