{
  "model": "llava",
  "variant": "baseline",
  "model_label": "LLaVA-1.5-7B Uncompressed",
  "num_samples": 6,
  "num_layers": 32,
  "per_layer": {
    "mlp": [
      -0.007595486111111111,
      -0.02430555555555556,
      -0.02734375,
      -0.016710069444444444,
      -0.046657986111111105,
      -0.030381944444444444,
      -0.026041666666666664,
      -0.021484375,
      -0.013020833333333336,
      -0.005425347222222223,
      -0.04210069444444445,
      -0.045355902777777776,
      -0.05338541666666667,
      -0.03342013888888889,
      -0.03493923611111111,
      -0.04275173611111112,
      -0.03776041666666667,
      -0.047526041666666664,
      -0.04275173611111111,
      -0.03884548611111111,
      -0.03493923611111111,
      -0.039496527777777776,
      -0.04383680555555555,
      -0.03298611111111112,
      -0.03190104166666667,
      -0.04231770833333333,
      -0.03906250000000001,
      -0.034722222222222224,
      -0.041666666666666664,
      -0.039713541666666664,
      -0.033203125,
      -0.032552083333333336
    ],
    "self_attention": [
      0.04774305555555555,
      -0.01519097222222222,
      -0.0390625,
      -0.03841145833333333,
      -0.036458333333333336,
      -0.030598958333333332,
      -0.021484375,
      -0.020616319444444444,
      0.009548611111111108,
      -0.02560763888888889,
      -0.046223958333333336,
      -0.0625,
      -0.029947916666666668,
      -0.04014756944444444,
      -0.036892361111111105,
      -0.029730902777777783,
      -0.04079861111111111,
      -0.031901041666666664,
      -0.04210069444444445,
      -0.04188368055555556,
      -0.04014756944444444,
      -0.037109375,
      -0.02886284722222222,
      -0.037109375,
      -0.03624131944444445,
      -0.03624131944444445,
      -0.03689236111111111,
      -0.03515625,
      -0.033854166666666664,
      -0.04166666666666667,
      -0.029296875,
      -0.032552083333333336
    ],
    "cross_attention": []
  },
  "per_component": {
    "mlp": -1.0842013888888888,
    "self_attention": -0.9973958333333334,
    "cross_attention": 0.0
  },
  "token_labels": [
    "[CLS]",
    "correct_object",
    "or",
    "incorrect_object",
    "?"
  ]
}