{
  "model": "llava",
  "variant": "awq",
  "model_label": "LLaVA-1.5-7B AWQ",
  "num_samples": 6,
  "num_layers": 32,
  "per_layer": {
    "mlp": [
      -0.008029513888888888,
      -0.023654513888888888,
      -0.01171875,
      -0.004557291666666668,
      -0.014539930555555556,
      -0.01540798611111111,
      0.0034722222222222233,
      -0.011067708333333334,
      -0.03602430555555555,
      0.051215277777777776,
      -0.020616319444444444,
      -0.009765625000000002,
      -0.011284722222222224,
      0.0078125,
      -0.001085069444444444,
      -0.004340277777777779,
      -0.006076388888888889,
      -0.010416666666666668,
      -0.013237847222222222,
      -0.010850694444444446,
      -0.011718749999999998,
      -0.014756944444444444,
      -0.010633680555555554,
      -0.01540798611111111,
      -0.013454861111111112,
      -0.007595486111111111,
      -0.015842013888888888,
      -0.017361111111111112,
      -0.01540798611111111,
      -0.01193576388888889,
      -0.013020833333333332,
      -0.013020833333333332
    ],
    "self_attention": [
      -0.01627604166666667,
      -0.02061631944444444,
      -0.007812499999999998,
      -0.009114583333333334,
      -0.024305555555555552,
      -0.01128472222222222,
      -0.001736111111111112,
      0.00238715277777778,
      -0.05902777777777778,
      -0.06488715277777778,
      -0.01801215277777778,
      0.05186631944444444,
      -0.006510416666666665,
      -0.034505208333333336,
      -0.0015190972222222222,
      0.007812499999999999,
      -0.01323784722222222,
      -0.014539930555555558,
      -0.018012152777777776,
      -0.00802951388888889,
      -0.011501736111111112,
      -0.016276041666666668,
      -0.014539930555555556,
      -0.014105902777777778,
      -0.015842013888888888,
      -0.014105902777777778,
      -0.012803819444444444,
      -0.01540798611111111,
      -0.012369791666666666,
      -0.015842013888888888,
      -0.013020833333333332,
      -0.013020833333333332
    ],
    "cross_attention": []
  },
  "per_component": {
    "mlp": -0.3103298611111111,
    "self_attention": -0.4361979166666667,
    "cross_attention": 0.0
  },
  "token_labels": [
    "[CLS]",
    "correct_object",
    "or",
    "incorrect_object",
    "?"
  ]
}