{
  "model": "llava",
  "variant": "baseline",
  "model_label": "LLaVA-1.5-7B Uncompressed",
  "num_samples": 6,
  "num_layers": 32,
  "per_layer": {
    "mlp": [
      0.013888888888888888,
      0.02582465277777778,
      0.01953125,
      0.020616319444444444,
      -0.005642361111111112,
      0.017361111111111112,
      -0.012586805555555554,
      0.00824652777777778,
      0.004123263888888889,
      -0.041666666666666664,
      -0.026909722222222224,
      0.02473958333333333,
      0.024739583333333336,
      0.015407986111111112,
      0.0019531249999999993,
      -0.002821180555555555,
      0.002821180555555555,
      0.008463541666666666,
      0.010416666666666666,
      0.004340277777777778,
      0.004991319444444444,
      0.005642361111111111,
      0.004774305555555556,
      0.010850694444444444,
      0.009765625,
      0.004774305555555555,
      0.009765625,
      0.005425347222222222,
      0.003038194444444444,
      -0.00021701388888888877,
      0.005425347222222222,
      0.006510416666666666
    ],
    "self_attention": [
      0.018446180555555556,
      0.037760416666666664,
      0.009114583333333332,
      0.006510416666666666,
      0.010850694444444442,
      0.027777777777777776,
      0.012152777777777778,
      -0.01432291666666667,
      0.02452256944444444,
      0.018229166666666664,
      0.015190972222222224,
      0.03624131944444444,
      -0.009765624999999997,
      -0.006510416666666666,
      0.011067708333333334,
      0.014322916666666664,
      0.006510416666666666,
      0.011935763888888888,
      0.007378472222222223,
      0.012369791666666668,
      0.010633680555555554,
      0.003472222222222222,
      0.012803819444444446,
      0.012152777777777778,
      0.011501736111111112,
      0.0078125,
      0.0028211805555555555,
      0.003255208333333333,
      0.002170138888888889,
      0.0030381944444444445,
      0.004557291666666666,
      0.006510416666666666
    ],
    "cross_attention": []
  },
  "per_component": {
    "mlp": 0.18359375,
    "self_attention": 0.3305121527777778,
    "cross_attention": 0.0
  },
  "token_labels": [
    "[CLS]",
    "correct_object",
    "or",
    "incorrect_object",
    "?"
  ]
}